day_label,event_id,dateline_epoch,datetime_bkk,currency,country,impact,impact_score,timeLabel,name,prefixedName,actual,forecast,previous,revision,url,soloUrl
Sat Feb 21,152652,1771609500,2026-02-21T00:45:00+07:00,USD,US,low,1,12:45am,FOMC Member Logan Speaks,US FOMC Member Logan Speaks,,,,,/calendar?day=feb21.2026#detail=152652,/calendar/890-us-fomc-member-logan-speaks
Fri Feb 20,152316,1771599600,2026-02-20T22:00:00+07:00,USD,US,medium,2,Nov Data,New Home Sales,US New Home Sales,,,737K,,/calendar?day=feb20.2026#detail=152316,/calendar/231-us-new-home-sales
Fri Feb 20,148607,1771599600,2026-02-20T22:00:00+07:00,USD,US,low,1,10:00pm,Revised UoM Inflation Expectations,US Revised UoM Inflation Expectations,,,3.5%,,/calendar?day=feb20.2026#detail=148607,/calendar/238-us-revised-uom-inflation-expectations
Fri Feb 20,148595,1771599600,2026-02-20T22:00:00+07:00,USD,US,low,1,10:00pm,Revised UoM Consumer Sentiment,US Revised UoM Consumer Sentiment,,56.9,57.3,,/calendar?day=feb20.2026#detail=148595,/calendar/54-us-revised-uom-consumer-sentiment
Fri Feb 20,146847,1771599600,2026-02-20T22:00:00+07:00,USD,US,medium,2,10:00pm,New Home Sales,US New Home Sales,,732K,,,/calendar?day=feb20.2026#detail=146847,/calendar/231-us-new-home-sales
Fri Feb 20,152658,1771598700,2026-02-20T21:45:00+07:00,USD,US,low,1,9:45pm,FOMC Member Bostic Speaks,US FOMC Member Bostic Speaks,,,,,/calendar?day=feb20.2026#detail=152658,/calendar/725-us-fomc-member-bostic-speaks
Fri Feb 20,149775,1771598700,2026-02-20T21:45:00+07:00,USD,US,high,3,9:45pm,Flash Services PMI,US Flash Services PMI,,53.0,52.5,52.7,/calendar?day=feb20.2026#detail=149775,/calendar/583-us-flash-services-pmi
Fri Feb 20,149763,1771598700,2026-02-20T21:45:00+07:00,USD,US,high,3,9:45pm,Flash Manufacturing PMI,US Flash Manufacturing PMI,,52.4,51.9,52.4,/calendar?day=feb20.2026#detail=149763,/calendar/552-us-flash-manufacturing-pmi
Fri Feb 20,152042,1771594200,2026-02-20T20:30:00+07:00,USD,US,high,3,8:30pm,Core PCE Price Index m/m,US Core PCE Price Index m/m,,0.3%,0.2%,,/calendar?day=feb20.2026#detail=152042,/calendar/85-us-core-pce-price-index-mm
Fri Feb 20,152041,1771594200,2026-02-20T20:30:00+07:00,USD,US,low,1,8:30pm,Personal Spending m/m,US Personal Spending m/m,,0.4%,0.5%,,/calendar?day=feb20.2026#detail=152041,/calendar/356-us-personal-spending-mm
Fri Feb 20,152040,1771594200,2026-02-20T20:30:00+07:00,USD,US,low,1,8:30pm,Personal Income m/m,US Personal Income m/m,,0.3%,0.3%,,/calendar?day=feb20.2026#detail=152040,/calendar/360-us-personal-income-mm
Fri Feb 20,152039,1771594200,2026-02-20T20:30:00+07:00,USD,US,medium,2,8:30pm,Advance GDP Price Index q/q,US Advance GDP Price Index q/q,,2.9%,2.0%,3.8%,/calendar?day=feb20.2026#detail=152039,/calendar/3-us-advance-gdp-price-index-qq
Fri Feb 20,152038,1771594200,2026-02-20T20:30:00+07:00,USD,US,high,3,8:30pm,Advance GDP q/q,US Advance GDP q/q,,3.0%,3.0%,4.4%,/calendar?day=feb20.2026#detail=152038,/calendar/2-us-advance-gdp-qq
Fri Feb 20,149185,1771594200,2026-02-20T20:30:00+07:00,CAD,CA,medium,2,8:30pm,Core Retail Sales m/m,CA Core Retail Sales m/m,,-0.1%,1.7%,,/calendar?day=feb20.2026#detail=149185,/calendar/103-ca-core-retail-sales-mm
Fri Feb 20,149184,1771594200,2026-02-20T20:30:00+07:00,CAD,CA,medium,2,8:30pm,Retail Sales m/m,CA Retail Sales m/m,,-0.5%,1.3%,,/calendar?day=feb20.2026#detail=149184,/calendar/104-ca-retail-sales-mm
Fri Feb 20,146674,1771594200,2026-02-20T20:30:00+07:00,CAD,CA,low,1,8:30pm,IPPI m/m,CA IPPI m/m,,0.2%,-0.6%,,/calendar?day=feb20.2026#detail=146674,/calendar/90-ca-ippi-mm
Fri Feb 20,146673,1771594200,2026-02-20T20:30:00+07:00,CAD,CA,low,1,8:30pm,RMPI m/m,CA RMPI m/m,,0.7%,0.5%,,/calendar?day=feb20.2026#detail=146673,/calendar/91-ca-rmpi-mm
Fri Feb 20,147613,1771579800,2026-02-20T16:30:00+07:00,GBP,UK,high,3,4:30pm,Flash Services PMI,UK Flash Services PMI,,53.5,54.3,54.0,/calendar?day=feb20.2026#detail=147613,/calendar/836-uk-flash-services-pmi
Fri Feb 20,147612,1771579800,2026-02-20T16:30:00+07:00,GBP,UK,high,3,4:30pm,Flash Manufacturing PMI,UK Flash Manufacturing PMI,,51.5,51.6,51.8,/calendar?day=feb20.2026#detail=147612,/calendar/837-uk-flash-manufacturing-pmi
Fri Feb 20,147611,1771578000,2026-02-20T16:00:00+07:00,EUR,EZ,low,1,4:00pm,Flash Services PMI,EZ Flash Services PMI,,51.9,51.9,51.6,/calendar?day=feb20.2026#detail=147611,/calendar/244-ez-flash-services-pmi
Fri Feb 20,147610,1771578000,2026-02-20T16:00:00+07:00,EUR,EZ,low,1,4:00pm,Flash Manufacturing PMI,EZ Flash Manufacturing PMI,,49.9,49.4,49.5,/calendar?day=feb20.2026#detail=147610,/calendar/263-ez-flash-manufacturing-pmi
Fri Feb 20,147609,1771576200,2026-02-20T15:30:00+07:00,EUR,GE,high,3,3:30pm,German Flash Services PMI,GE Flash Services PMI,,52.4,53.3,52.4,/calendar?day=feb20.2026#detail=147609,/calendar/267-ge-flash-services-pmi
Fri Feb 20,147608,1771576200,2026-02-20T15:30:00+07:00,EUR,GE,high,3,3:30pm,German Flash Manufacturing PMI,GE Flash Manufacturing PMI,,49.6,48.7,49.1,/calendar?day=feb20.2026#detail=147608,/calendar/266-ge-flash-manufacturing-pmi
Fri Feb 20,147607,1771575300,2026-02-20T15:15:00+07:00,EUR,FR,medium,2,3:15pm,French Flash Services PMI,FR Flash Services PMI,,49.1,47.9,48.4,/calendar?day=feb20.2026#detail=147607,/calendar/269-fr-flash-services-pmi
Fri Feb 20,147606,1771575300,2026-02-20T15:15:00+07:00,EUR,FR,medium,2,3:15pm,French Flash Manufacturing PMI,FR Flash Manufacturing PMI,,50.9,51.0,51.2,/calendar?day=feb20.2026#detail=147606,/calendar/268-fr-flash-manufacturing-pmi
Fri Feb 20,151615,1771570800,2026-02-20T14:00:00+07:00,GBP,UK,low,1,2:00pm,Public Sector Net Borrowing,UK Public Sector Net Borrowing,,-24.0B,11.6B,,/calendar?day=feb20.2026#detail=151615,/calendar/342-uk-public-sector-net-borrowing
Fri Feb 20,151603,1771570800,2026-02-20T14:00:00+07:00,GBP,UK,high,3,2:00pm,Retail Sales m/m,UK Retail Sales m/m,,0.2%,0.4%,,/calendar?day=feb20.2026#detail=151603,/calendar/105-uk-retail-sales-mm
Fri Feb 20,151120,1771570800,2026-02-20T14:00:00+07:00,EUR,GE,low,1,2:00pm,German PPI m/m,GE PPI m/m,,0.3%,-0.2%,,/calendar?day=feb20.2026#detail=151120,/calendar/88-ge-ppi-mm
Fri Feb 20,150922,1771547400,2026-02-20T07:30:00+07:00,JPY,JN,low,1,7:30am,Flash Manufacturing PMI,JN Flash Manufacturing PMI,,51.3,51.5,,/calendar?day=feb20.2026#detail=150922,/calendar/595-jn-flash-manufacturing-pmi
Fri Feb 20,151639,1771545660,2026-02-20T07:01:00+07:00,CNY,CH,holiday,0,All Day,Bank Holiday,CH Bank Holiday,,,,,/calendar?day=feb20.2026#detail=151639,/calendar/468-ch-bank-holiday
Fri Feb 20,152661,1771545600,2026-02-20T07:00:00+07:00,EUR,EZ,low,1,7:00am,ECB President Lagarde Speaks,EZ ECB President Lagarde Speaks,,,,,/calendar?day=feb20.2026#detail=152661,/calendar/832-ez-ecb-president-lagarde-speaks
Fri Feb 20,149911,1771543800,2026-02-20T06:30:00+07:00,JPY,JN,low,1,6:30am,National Core CPI y/y,JN National Core CPI y/y,,2.0%,2.4%,,/calendar?day=feb20.2026#detail=149911,/calendar/174-jn-national-core-cpi-yy
Fri Feb 20,152651,1771542000,2026-02-20T06:00:00+07:00,NZD,NZ,high,3,6:00am,RBNZ Gov Breman Speaks,NZ RBNZ Gov Breman Speaks,,,,,/calendar?day=feb20.2026#detail=152651,/calendar/927-nz-rbnz-gov-breman-speaks
Fri Feb 20,150900,1771538400,2026-02-20T05:00:00+07:00,AUD,AU,low,1,5:00am,Flash Services PMI,AU Flash Services PMI,,,56.0,56.3,/calendar?day=feb20.2026#detail=150900,/calendar/818-au-flash-services-pmi
Fri Feb 20,150899,1771538400,2026-02-20T05:00:00+07:00,AUD,AU,low,1,5:00am,Flash Manufacturing PMI,AU Flash Manufacturing PMI,,,52.4,52.3,/calendar?day=feb20.2026#detail=150899,/calendar/817-au-flash-manufacturing-pmi
Fri Feb 20,149312,1771537500,2026-02-20T04:45:00+07:00,NZD,NZ,low,1,4:45am,Trade Balance,NZ Trade Balance,,-745M,52M,,/calendar?day=feb20.2026#detail=149312,/calendar/121-nz-trade-balance
Fri Feb 20,148923,1771520400,2026-02-20T00:00:00+07:00,USD,US,low,1,12:00am,Crude Oil Inventories,US Crude Oil Inventories,,,8.5M,,/calendar?day=feb20.2026#detail=148923,/calendar/10-us-crude-oil-inventories
Thu Feb 19,152650,1771515000,2026-02-19T22:30:00+07:00,USD,US,low,1,10:30pm,FOMC Member Goolsbee Speaks,US FOMC Member Goolsbee Speaks,,,,,/calendar?day=feb19.2026#detail=152650,/calendar/889-us-fomc-member-goolsbee-speaks
Thu Feb 19,148740,1771515000,2026-02-19T22:30:00+07:00,USD,US,low,1,10:30pm,Natural Gas Storage,US Natural Gas Storage,,,-249B,,/calendar?day=feb19.2026#detail=148740,/calendar/26-us-natural-gas-storage
Thu Feb 19,150601,1771513200,2026-02-19T22:00:00+07:00,EUR,EZ,low,1,10:00pm,Consumer Confidence,EZ Consumer Confidence,,-12,-12,,/calendar?day=feb19.2026#detail=150601,/calendar/336-ez-consumer-confidence
Thu Feb 19,149837,1771513200,2026-02-19T22:00:00+07:00,USD,US,medium,2,10:00pm,Pending Home Sales m/m,US Pending Home Sales m/m,,1.6%,-9.3%,,/calendar?day=feb19.2026#detail=149837,/calendar/233-us-pending-home-sales-mm
Thu Feb 19,149801,1771513200,2026-02-19T22:00:00+07:00,USD,US,low,1,10:00pm,CB Leading Index m/m,US CB Leading Index m/m,,-0.2%,-0.3%,,/calendar?day=feb19.2026#detail=149801,/calendar/297-us-cb-leading-index-mm
Thu Feb 19,152657,1771509600,2026-02-19T21:00:00+07:00,USD,US,low,1,9:00pm,FOMC Member Kashkari Speaks,US FOMC Member Kashkari Speaks,,,,,/calendar?day=feb19.2026#detail=152657,/calendar/651-us-fomc-member-kashkari-speaks
Thu Feb 19,152656,1771507800,2026-02-19T20:30:00+07:00,USD,US,low,1,8:30pm,FOMC Member Bowman Speaks,US FOMC Member Bowman Speaks,,,,,/calendar?day=feb19.2026#detail=152656,/calendar/812-us-fomc-member-bowman-speaks
Thu Feb 19,152315,1771507800,2026-02-19T20:30:00+07:00,USD,US,low,1,8:30pm,Prelim Wholesale Inventories m/m,US Prelim Wholesale Inventories m/m,,0.2%,0.2%,,/calendar?day=feb19.2026#detail=152315,/calendar/642-us-prelim-wholesale-inventories-mm
Thu Feb 19,152314,1771507800,2026-02-19T20:30:00+07:00,USD,US,low,1,8:30pm,Goods Trade Balance,US Goods Trade Balance,,-85.8B,-86.9B,,/calendar?day=feb19.2026#detail=152314,/calendar/625-us-goods-trade-balance
Thu Feb 19,151003,1771507800,2026-02-19T20:30:00+07:00,CAD,CA,low,1,8:30pm,Trade Balance,CA Trade Balance,,-2.0B,-2.2B,,/calendar?day=feb19.2026#detail=151003,/calendar/118-ca-trade-balance
Thu Feb 19,149566,1771507800,2026-02-19T20:30:00+07:00,CAD,CA,low,1,8:30pm,NHPI m/m,CA NHPI m/m,,0.1%,-0.2%,,/calendar?day=feb19.2026#detail=149566,/calendar/259-ca-nhpi-mm
Thu Feb 19,148014,1771507800,2026-02-19T20:30:00+07:00,USD,US,low,1,8:30pm,Trade Balance,US Trade Balance,,-55.5B,-56.8B,,/calendar?day=feb19.2026#detail=148014,/calendar/117-us-trade-balance
Thu Feb 19,146985,1771507800,2026-02-19T20:30:00+07:00,USD,US,high,3,8:30pm,Unemployment Claims,US Unemployment Claims,,223K,227K,,/calendar?day=feb19.2026#detail=146985,/calendar/11-us-unemployment-claims
Thu Feb 19,146956,1771507800,2026-02-19T20:30:00+07:00,USD,US,medium,2,8:30pm,Philly Fed Manufacturing Index,US Philly Fed Manufacturing Index,,7.5,12.6,,/calendar?day=feb19.2026#detail=146956,/calendar/325-us-philly-fed-manufacturing-index
Thu Feb 19,152655,1771507200,2026-02-19T20:20:00+07:00,USD,US,low,1,8:20pm,FOMC Member Bostic Speaks,US FOMC Member Bostic Speaks,,,,,/calendar?day=feb19.2026#detail=152655,/calendar/725-us-fomc-member-bostic-speaks
Thu Feb 19,150643,1771498800,2026-02-19T18:00:00+07:00,GBP,UK,low,1,6:00pm,CBI Industrial Order Expectations,UK CBI Industrial Order Expectations,,-28,-30,,/calendar?day=feb19.2026#detail=150643,/calendar/331-uk-cbi-industrial-order-expectations
Thu Feb 19,150462,1771498800,2026-02-19T18:00:00+07:00,EUR,GE,low,1,6:00pm,German Buba Monthly Report,GE Buba Monthly Report,,,,,/calendar?day=feb19.2026#detail=150462,/calendar/581-ge-buba-monthly-report
Thu Feb 19,147420,1771495380,2026-02-19T17:03:00+07:00,EUR,SP,low,1,Tentative,Spanish 10-y Bond Auction,SP 10-y Bond Auction,,,3.22|2.4,,/calendar?day=feb19.2026#detail=147420,/calendar/525-sp-10-y-bond-auction
Thu Feb 19,151241,1771491600,2026-02-19T16:00:00+07:00,EUR,EZ,low,1,4:00pm,Current Account,EZ Current Account,,9.2B,8.6B,,/calendar?day=feb19.2026#detail=151241,/calendar/218-ez-current-account
Thu Feb 19,150548,1771491600,2026-02-19T16:00:00+07:00,EUR,EZ,low,1,4:00pm,ECB Economic Bulletin,EZ ECB Economic Bulletin,,,,,/calendar?day=feb19.2026#detail=150548,/calendar/612-ez-ecb-economic-bulletin
Thu Feb 19,147482,1771477140,2026-02-19T11:59:00+07:00,AUD,AU,low,1,Tentative,NAB Quarterly Business Confidence,AU NAB Quarterly Business Confidence,,,2,,/calendar?day=feb19.2026#detail=147482,/calendar/248-au-nab-quarterly-business-confidence
Thu Feb 19,148133,1771461000,2026-02-19T07:30:00+07:00,AUD,AU,high,3,7:30am,Unemployment Rate,AU Unemployment Rate,,4.2%,4.1%,,/calendar?day=feb19.2026#detail=148133,/calendar/64-au-unemployment-rate
Thu Feb 19,148132,1771461000,2026-02-19T07:30:00+07:00,AUD,AU,high,3,7:30am,Employment Change,AU Employment Change,,20.0K,65.2K,,/calendar?day=feb19.2026#detail=148132,/calendar/73-au-employment-change
Thu Feb 19,151638,1771459260,2026-02-19T07:01:00+07:00,CNY,CH,holiday,0,All Day,Bank Holiday,CH Bank Holiday,,,,,/calendar?day=feb19.2026#detail=151638,/calendar/468-ch-bank-holiday
Thu Feb 19,149531,1771458600,2026-02-19T06:50:00+07:00,JPY,JN,low,1,6:50am,Core Machinery Orders m/m,JN Core Machinery Orders m/m,,5.1%,-11.0%,,/calendar?day=feb19.2026#detail=149531,/calendar/354-jn-core-machinery-orders-mm
Thu Feb 19,147061,1771450200,2026-02-19T04:30:00+07:00,USD,US,low,1,4:30am,API Weekly Statistical Bulletin,US API Weekly Statistical Bulletin,,,,,/calendar?day=feb19.2026#detail=147061,/calendar/754-us-api-weekly-statistical-bulletin
Thu Feb 19,149813,1771448400,2026-02-19T04:00:00+07:00,USD,US,low,1,4:00am,TIC Long-Term Purchases,US TIC Long-Term Purchases,,128.6B,220.2B,,/calendar?day=feb19.2026#detail=149813,/calendar/372-us-tic-long-term-purchases
Thu Feb 19,152662,1771441800,2026-02-19T02:10:00+07:00,NZD,NZ,high,3,2:10am,RBNZ Gov Breman Speaks,NZ RBNZ Gov Breman Speaks,,,,,/calendar?day=feb19.2026#detail=152662,/calendar/927-nz-rbnz-gov-breman-speaks
Thu Feb 19,146523,1771441200,2026-02-19T02:00:00+07:00,USD,US,high,3,2:00am,FOMC Meeting Minutes,US FOMC Meeting Minutes,,,,,/calendar?day=feb19.2026#detail=146523,/calendar/304-us-fomc-meeting-minutes
Thu Feb 19,152660,1771437600,2026-02-19T01:00:00+07:00,USD,US,low,1,1:00am,FOMC Member Bowman Speaks,US FOMC Member Bowman Speaks,,,,,/calendar?day=feb19.2026#detail=152660,/calendar/812-us-fomc-member-bowman-speaks
Wed Feb 18,147044,1771424100,2026-02-18T21:15:00+07:00,USD,US,low,1,9:15pm,Capacity Utilization Rate,US Capacity Utilization Rate,,76.5%,76.3%,,/calendar?day=feb18.2026#detail=147044,/calendar/192-us-capacity-utilization-rate
Wed Feb 18,147032,1771424100,2026-02-18T21:15:00+07:00,USD,US,low,1,9:15pm,Industrial Production m/m,US Industrial Production m/m,,0.4%,0.4%,,/calendar?day=feb18.2026#detail=147032,/calendar/191-us-industrial-production-mm
Wed Feb 18,152313,1771421400,2026-02-18T20:30:00+07:00,USD,US,low,1,Nov Data,Housing Starts,US Housing Starts,,,1.25M,,/calendar?day=feb18.2026#detail=152313,/calendar/199-us-housing-starts
Wed Feb 18,152312,1771421400,2026-02-18T20:30:00+07:00,USD,US,low,1,Nov Data,Building Permits,US Building Permits,,,1.41M,,/calendar?day=feb18.2026#detail=152312,/calendar/198-us-building-permits
Wed Feb 18,148179,1771421400,2026-02-18T20:30:00+07:00,USD,US,medium,2,8:30pm,Core Durable Goods Orders m/m,US Core Durable Goods Orders m/m,,0.3%,0.5%,0.4%,/calendar?day=feb18.2026#detail=148179,/calendar/350-us-core-durable-goods-orders-mm
Wed Feb 18,148167,1771421400,2026-02-18T20:30:00+07:00,USD,US,medium,2,8:30pm,Durable Goods Orders m/m,US Durable Goods Orders m/m,,-1.7%,5.3%,,/calendar?day=feb18.2026#detail=148167,/calendar/349-us-durable-goods-orders-mm
Wed Feb 18,146835,1771421400,2026-02-18T20:30:00+07:00,USD,US,low,1,8:30pm,Housing Starts,US Housing Starts,,1.31M,,,/calendar?day=feb18.2026#detail=146835,/calendar/199-us-housing-starts
Wed Feb 18,146811,1771421400,2026-02-18T20:30:00+07:00,USD,US,low,1,8:30pm,Building Permits,US Building Permits,,1.40M,,,/calendar?day=feb18.2026#detail=146811,/calendar/198-us-building-permits
Wed Feb 18,152659,1771411320,2026-02-18T17:42:00+07:00,EUR,GE,low,1,Tentative,German 10-y Bond Auction,GE 10-y Bond Auction,,,2.85|1.7,,/calendar?day=feb18.2026#detail=152659,/calendar/522-ge-10-y-bond-auction
Wed Feb 18,151410,1771407000,2026-02-18T16:30:00+07:00,GBP,UK,low,1,4:30pm,HPI y/y,UK HPI y/y,,1.9%,2.5%,,/calendar?day=feb18.2026#detail=151410,/calendar/639-uk-hpi-yy
Wed Feb 18,147537,1771400700,2026-02-18T14:45:00+07:00,EUR,FR,low,1,2:45pm,French Final CPI m/m,FR Final CPI m/m,,-0.3%,-0.3%,,/calendar?day=feb18.2026#detail=147537,/calendar/171-fr-final-cpi-mm
Wed Feb 18,151409,1771398000,2026-02-18T14:00:00+07:00,GBP,UK,low,1,2:00pm,PPI Output m/m,UK PPI Output m/m,,0.2%,0.0%,,/calendar?day=feb18.2026#detail=151409,/calendar/93-uk-ppi-output-mm
Wed Feb 18,151408,1771398000,2026-02-18T14:00:00+07:00,GBP,UK,low,1,2:00pm,RPI y/y,UK RPI y/y,,3.8%,4.2%,,/calendar?day=feb18.2026#detail=151408,/calendar/84-uk-rpi-yy
Wed Feb 18,151407,1771398000,2026-02-18T14:00:00+07:00,GBP,UK,low,1,2:00pm,PPI Input m/m,UK PPI Input m/m,,0.4%,-0.2%,,/calendar?day=feb18.2026#detail=151407,/calendar/92-uk-ppi-input-mm
Wed Feb 18,151406,1771398000,2026-02-18T14:00:00+07:00,GBP,UK,high,3,2:00pm,CPI y/y,UK CPI y/y,,3.0%,3.4%,,/calendar?day=feb18.2026#detail=151406,/calendar/82-uk-cpi-yy
Wed Feb 18,151405,1771398000,2026-02-18T14:00:00+07:00,GBP,UK,low,1,2:00pm,Core CPI y/y,UK Core CPI y/y,,3.0%,3.2%,,/calendar?day=feb18.2026#detail=151405,/calendar/83-uk-core-cpi-yy
Wed Feb 18,148855,1771380000,2026-02-18T09:00:00+07:00,NZD,NZ,high,3,9:00am,RBNZ Press Conference,NZ RBNZ Press Conference,,,,,/calendar?day=feb18.2026#detail=148855,/calendar/406-nz-rbnz-press-conference
Wed Feb 18,148854,1771376400,2026-02-18T08:00:00+07:00,NZD,NZ,high,3,8:00am,RBNZ Monetary Policy Statement,NZ RBNZ Monetary Policy Statement,,,,,/calendar?day=feb18.2026#detail=148854,/calendar/416-nz-rbnz-monetary-policy-statement
Wed Feb 18,148853,1771376400,2026-02-18T08:00:00+07:00,NZD,NZ,high,3,8:00am,RBNZ Rate Statement,NZ RBNZ Rate Statement,,,,,/calendar?day=feb18.2026#detail=148853,/calendar/24-nz-rbnz-rate-statement
Wed Feb 18,148852,1771376400,2026-02-18T08:00:00+07:00,NZD,NZ,high,3,8:00am,Official Cash Rate,NZ Official Cash Rate,,2.25%,2.25%,,/calendar?day=feb18.2026#detail=148852,/calendar/23-nz-official-cash-rate
Wed Feb 18,148498,1771374600,2026-02-18T07:30:00+07:00,AUD,AU,medium,2,7:30am,Wage Price Index q/q,AU Wage Price Index q/q,,0.8%,0.8%,,/calendar?day=feb18.2026#detail=148498,/calendar/182-au-wage-price-index-qq
Wed Feb 18,151637,1771372860,2026-02-18T07:01:00+07:00,CNY,CH,holiday,0,All Day,Bank Holiday,CH Bank Holiday,,,,,/calendar?day=feb18.2026#detail=151637,/calendar/468-ch-bank-holiday
Wed Feb 18,149727,1771372200,2026-02-18T06:50:00+07:00,JPY,JN,low,1,6:50am,Trade Balance,JN Trade Balance,,-0.16T,-0.21T,,/calendar?day=feb18.2026#detail=149727,/calendar/123-jn-trade-balance
Wed Feb 18,148291,1771371000,2026-02-18T06:30:00+07:00,AUD,AU,low,1,6:30am,MI Leading Index m/m,AU MI Leading Index m/m,,,0.1%,,/calendar?day=feb18.2026#detail=148291,/calendar/303-au-mi-leading-index-mm
Wed Feb 18,150044,1771364700,2026-02-18T04:45:00+07:00,NZD,NZ,low,1,4:45am,PPI Output q/q,NZ PPI Output q/q,,0.7%,0.6%,,/calendar?day=feb18.2026#detail=150044,/calendar/95-nz-ppi-output-qq
Wed Feb 18,150043,1771364700,2026-02-18T04:45:00+07:00,NZD,NZ,low,1,4:45am,PPI Input q/q,NZ PPI Input q/q,,0.5%,0.2%,,/calendar?day=feb18.2026#detail=150043,/calendar/94-nz-ppi-input-qq
Wed Feb 18,152649,1771356600,2026-02-18T02:30:00+07:00,USD,US,low,1,2:30am,FOMC Member Daly Speaks,US FOMC Member Daly Speaks,,,,,/calendar?day=feb18.2026#detail=152649,/calendar/807-us-fomc-member-daly-speaks
Wed Feb 18,152654,1771350300,2026-02-18T00:45:00+07:00,USD,US,low,1,12:45am,FOMC Member Barr Speaks,US FOMC Member Barr Speaks,,,,,/calendar?day=feb18.2026#detail=152654,/calendar/880-us-fomc-member-barr-speaks
Tue Feb 17,149386,1771343400,2026-02-17T22:50:00+07:00,NZD,NZ,low,1,Tentative,GDT Price Index,NZ GDT Price Index,,,6.7%,,/calendar?day=feb17.2026#detail=149386,/calendar/602-nz-gdt-price-index
Tue Feb 17,149751,1771340400,2026-02-17T22:00:00+07:00,USD,US,low,1,10:00pm,NAHB Housing Market Index,US NAHB Housing Market Index,,38,37,,/calendar?day=feb17.2026#detail=149751,/calendar/162-us-nahb-housing-market-index
Tue Feb 17,146939,1771339500,2026-02-17T21:45:00+07:00,USD,US,low,1,9:45pm,Cleveland Fed Inflation Expectations,US Cleveland Fed Inflation Expectations,3.1%,,3.3%,,/calendar?day=feb17.2026#detail=146939,/calendar/909-us-cleveland-fed-inflation-expectations
Tue Feb 17,146664,1771335120,2026-02-17T20:32:00+07:00,CAD,CA,low,1,8:32pm,Core CPI m/m,CA Core CPI m/m,0.2%,,-0.4%,,/calendar?day=feb17.2026#detail=146664,/calendar/81-ca-core-cpi-mm
Tue Feb 17,148619,1771335000,2026-02-17T20:30:00+07:00,USD,US,medium,2,8:30pm,Empire State Manufacturing Index,US Empire State Manufacturing Index,7.1,6.4,7.7,,/calendar?day=feb17.2026#detail=148619,/calendar/207-us-empire-state-manufacturing-index
Tue Feb 17,146670,1771335000,2026-02-17T20:30:00+07:00,CAD,CA,low,1,8:30pm,Wholesale Sales m/m,CA Wholesale Sales m/m,2.0%,2.0%,-1.8%,,/calendar?day=feb17.2026#detail=146670,/calendar/362-ca-wholesale-sales-mm
Tue Feb 17,146668,1771335000,2026-02-17T20:30:00+07:00,CAD,CA,low,1,8:30pm,Foreign Securities Purchases,CA Foreign Securities Purchases,-5.57B,14.27B,16.33B,15.96B,/calendar?day=feb17.2026#detail=146668,/calendar/374-ca-foreign-securities-purchases
Tue Feb 17,146667,1771335000,2026-02-17T20:30:00+07:00,CAD,CA,high,3,8:30pm,Trimmed CPI y/y,CA Trimmed CPI y/y,2.4%,2.6%,2.7%,,/calendar?day=feb17.2026#detail=146667,/calendar/657-ca-trimmed-cpi-yy
Tue Feb 17,146666,1771335000,2026-02-17T20:30:00+07:00,CAD,CA,high,3,8:30pm,Median CPI y/y,CA Median CPI y/y,2.5%,2.5%,2.5%,2.6%,/calendar?day=feb17.2026#detail=146666,/calendar/659-ca-median-cpi-yy
Tue Feb 17,146665,1771335000,2026-02-17T20:30:00+07:00,CAD,CA,high,3,8:30pm,CPI m/m,CA CPI m/m,0.0%,0.1%,-0.2%,,/calendar?day=feb17.2026#detail=146665,/calendar/80-ca-cpi-mm
Tue Feb 17,146663,1771335000,2026-02-17T20:30:00+07:00,CAD,CA,medium,2,8:30pm,Common CPI y/y,CA Common CPI y/y,2.7%,2.7%,2.8%,,/calendar?day=feb17.2026#detail=146663,/calendar/664-ca-common-cpi-yy
Tue Feb 17,151023,1771334100,2026-02-17T20:15:00+07:00,USD,US,low,1,8:15pm,ADP Weekly Employment Change,US ADP Weekly Employment Change,10.3K,,6.5K,7.8K,/calendar?day=feb17.2026#detail=151023,/calendar/929-us-adp-weekly-employment-change
Tue Feb 17,151366,1771323300,2026-02-17T17:15:00+07:00,EUR,EZ,low,1,All Day,ECOFIN Meetings,EZ ECOFIN Meetings,,,,,/calendar?day=feb17.2026#detail=151366,/calendar/504-ez-ecofin-meetings
Tue Feb 17,150488,1771322400,2026-02-17T17:00:00+07:00,EUR,GE,low,1,5:00pm,German ZEW Economic Sentiment,GE ZEW Economic Sentiment,58.3,65.8,59.6,,/calendar?day=feb17.2026#detail=150488,/calendar/313-ge-zew-economic-sentiment
Tue Feb 17,150487,1771322400,2026-02-17T17:00:00+07:00,EUR,EZ,low,1,5:00pm,ZEW Economic Sentiment,EZ ZEW Economic Sentiment,39.4,45.7,40.8,,/calendar?day=feb17.2026#detail=150487,/calendar/314-ez-zew-economic-sentiment
Tue Feb 17,147732,1771318800,2026-02-17T16:00:00+07:00,EUR,IT,low,1,4:00pm,Italian Trade Balance,IT Trade Balance,6.04B,4.75B,5.08B,5.06B,/calendar?day=feb17.2026#detail=147732,/calendar/127-it-trade-balance
Tue Feb 17,151121,1771311600,2026-02-17T14:00:00+07:00,EUR,GE,low,1,2:00pm,German Final CPI m/m,GE Final CPI m/m,0.1%,0.1%,0.1%,,/calendar?day=feb17.2026#detail=151121,/calendar/170-ge-final-cpi-mm
Tue Feb 17,151069,1771311600,2026-02-17T14:00:00+07:00,GBP,UK,high,3,2:00pm,Claimant Count Change,UK Claimant Count Change,28.6K,22.8K,17.9K,2.7K,/calendar?day=feb17.2026#detail=151069,/calendar/68-uk-claimant-count-change
Tue Feb 17,151068,1771311600,2026-02-17T14:00:00+07:00,GBP,UK,medium,2,2:00pm,Average Earnings Index 3m/y,UK Average Earnings Index 3m/y,4.2%,4.6%,4.7%,4.6%,/calendar?day=feb17.2026#detail=151068,/calendar/180-uk-average-earnings-index-3my
Tue Feb 17,151067,1771311600,2026-02-17T14:00:00+07:00,GBP,UK,low,1,2:00pm,Unemployment Rate,UK Unemployment Rate,5.2%,5.2%,5.1%,,/calendar?day=feb17.2026#detail=151067,/calendar/58-uk-unemployment-rate
Tue Feb 17,149715,1771302600,2026-02-17T11:30:00+07:00,JPY,JN,low,1,11:30am,Tertiary Industry Activity m/m,JN Tertiary Industry Activity m/m,-0.5%,-0.3%,-0.2%,-0.4%,/calendar?day=feb17.2026#detail=149715,/calendar/382-jn-tertiary-industry-activity-mm
Tue Feb 17,148522,1771288200,2026-02-17T07:30:00+07:00,AUD,AU,low,1,7:30am,Monetary Policy Meeting Minutes,AU Monetary Policy Meeting Minutes,,,,,/calendar?day=feb17.2026#detail=148522,/calendar/307-au-monetary-policy-meeting-minutes
Tue Feb 17,151636,1771286460,2026-02-17T07:01:00+07:00,CNY,CH,holiday,0,All Day,Bank Holiday,CH Bank Holiday,,,,,/calendar?day=feb17.2026#detail=151636,/calendar/468-ch-bank-holiday
Tue Feb 17,149328,1771278300,2026-02-17T04:45:00+07:00,NZD,NZ,low,1,4:45am,FPI m/m,NZ FPI m/m,2.5%,,-0.3%,,/calendar?day=feb17.2026#detail=149328,/calendar/101-nz-fpi-mm
Tue Feb 17,152648,1771263600,2026-02-17T00:40:00+07:00,EUR,GE,low,1,12:40am,German Buba President Nagel Speaks,GE Buba President Nagel Speaks,,,,,/calendar?day=feb17.2026#detail=152648,/calendar/851-ge-buba-president-nagel-speaks
Mon Feb 16,146662,1771248600,2026-02-16T20:30:00+07:00,CAD,CA,low,1,8:30pm,Manufacturing Sales m/m,CA Manufacturing Sales m/m,0.6%,0.5%,-1.2%,-1.3%,/calendar?day=feb16.2026#detail=146662,/calendar/363-ca-manufacturing-sales-mm
Mon Feb 16,152653,1771248300,2026-02-16T20:25:00+07:00,USD,US,low,1,8:25pm,FOMC Member Bowman Speaks,US FOMC Member Bowman Speaks,,,,,/calendar?day=feb16.2026#detail=152653,/calendar/812-us-fomc-member-bowman-speaks
Mon Feb 16,149554,1771247700,2026-02-16T20:15:00+07:00,CAD,CA,low,1,8:15pm,Housing Starts,CA Housing Starts,238K,266K,282K,281K,/calendar?day=feb16.2026#detail=149554,/calendar/201-ca-housing-starts
Mon Feb 16,146483,1771246800,2026-02-16T20:00:00+07:00,CAD,CA,holiday,0,All Day,Bank Holiday,CA Bank Holiday,,,,,/calendar?day=feb16.2026#detail=146483,/calendar/389-ca-bank-holiday
Mon Feb 16,146473,1771246800,2026-02-16T20:00:00+07:00,USD,US,holiday,0,All Day,Bank Holiday,US Bank Holiday,,,,,/calendar?day=feb16.2026#detail=146473,/calendar/370-us-bank-holiday
Mon Feb 16,151367,1771236900,2026-02-16T17:15:00+07:00,EUR,EZ,low,1,All Day,Eurogroup Meetings,EZ Eurogroup Meetings,,,,,/calendar?day=feb16.2026#detail=151367,/calendar/562-ez-eurogroup-meetings
Mon Feb 16,151240,1771236000,2026-02-16T17:00:00+07:00,EUR,EZ,low,1,5:00pm,Industrial Production m/m,EZ Industrial Production m/m,-1.4%,-1.5%,0.7%,0.3%,/calendar?day=feb16.2026#detail=151240,/calendar/220-ez-industrial-production-mm
Mon Feb 16,149679,1771216200,2026-02-16T11:30:00+07:00,JPY,JN,low,1,11:30am,Revised Industrial Production m/m,JN Revised Industrial Production m/m,-0.1%,-0.1%,-0.1%,,/calendar?day=feb16.2026#detail=149679,/calendar/226-jn-revised-industrial-production-mm
Mon Feb 16,151641,1771200060,2026-02-16T07:01:00+07:00,CNY,CH,holiday,0,All Day,Bank Holiday,CH Bank Holiday,,,,,/calendar?day=feb16.2026#detail=151641,/calendar/468-ch-bank-holiday
Mon Feb 16,150775,1771200060,2026-02-16T07:01:00+07:00,GBP,UK,low,1,7:01am,Rightmove HPI m/m,UK Rightmove HPI m/m,0.0%,,2.8%,,/calendar?day=feb16.2026#detail=150775,/calendar/243-uk-rightmove-hpi-mm
Mon Feb 16,149609,1771199400,2026-02-16T06:50:00+07:00,JPY,JN,low,1,6:50am,Prelim GDP Price Index y/y,JN Prelim GDP Price Index y/y,3.4%,3.2%,2.8%,3.4%,/calendar?day=feb16.2026#detail=149609,/calendar/43-jn-prelim-gdp-price-index-yy
Mon Feb 16,149608,1771199400,2026-02-16T06:50:00+07:00,JPY,JN,low,1,6:50am,Prelim GDP q/q,JN Prelim GDP q/q,0.1%,0.4%,-0.4%,-0.6%,/calendar?day=feb16.2026#detail=149608,/calendar/36-jn-prelim-gdp-qq
Mon Feb 16,149352,1771191000,2026-02-16T04:30:00+07:00,NZD,NZ,low,1,4:30am,BusinessNZ Services Index,NZ BusinessNZ Services Index,50.9,,51.5,51.7,/calendar?day=feb16.2026#detail=149352,/calendar/852-nz-businessnz-services-index
Sun Feb 15,152644,1771147800,2026-02-15T16:30:00+07:00,EUR,EZ,medium,2,4:30pm,ECB President Lagarde Speaks,EZ ECB President Lagarde Speaks,,,,,/calendar?day=feb15.2026#detail=152644,/calendar/832-ez-ecb-president-lagarde-speaks
Sat Feb 7,148723,1770408000,2026-02-07T03:00:00+07:00,USD,US,low,1,3:00am,Consumer Credit m/m,US Consumer Credit m/m,,9.0B,4.2B,,/calendar?day=feb7.2026#detail=148723,/calendar/341-us-consumer-credit-mm
Sat Feb 7,152606,1770397200,2026-02-07T00:00:00+07:00,USD,US,low,1,12:00am,FOMC Member Jefferson Speaks,US FOMC Member Jefferson Speaks,,,,,/calendar?day=feb7.2026#detail=152606,/calendar/881-us-fomc-member-jefferson-speaks
Fri Feb 6,149850,1770390000,2026-02-06T22:00:00+07:00,CAD,CA,medium,2,10:00pm,Ivey PMI,CA Ivey PMI,,49.7,51.9,,/calendar?day=feb6.2026#detail=149850,/calendar/254-ca-ivey-pmi
Fri Feb 6,148583,1770390000,2026-02-06T22:00:00+07:00,USD,US,high,3,10:00pm,Prelim UoM Inflation Expectations,US Prelim UoM Inflation Expectations,,,4.2%,4.0%,/calendar?day=feb6.2026#detail=148583,/calendar/236-us-prelim-uom-inflation-expectations
Fri Feb 6,148571,1770390000,2026-02-06T22:00:00+07:00,USD,US,high,3,10:00pm,Prelim UoM Consumer Sentiment,US Prelim UoM Consumer Sentiment,,55.0,54.0,56.4,/calendar?day=feb6.2026#detail=148571,/calendar/53-us-prelim-uom-consumer-sentiment
Fri Feb 6,146660,1770384600,2026-02-06T20:30:00+07:00,CAD,CA,high,3,8:30pm,Employment Change,CA Employment Change,,5.2K,8.2K,,/calendar?day=feb6.2026#detail=146660,/calendar/67-ca-employment-change
Fri Feb 6,146659,1770384600,2026-02-06T20:30:00+07:00,CAD,CA,high,3,8:30pm,Unemployment Rate,CA Unemployment Rate,,6.8%,6.8%,,/calendar?day=feb6.2026#detail=146659,/calendar/57-ca-unemployment-rate
Fri Feb 6,152586,1770379200,2026-02-06T19:00:00+07:00,GBP,UK,low,1,7:00pm,MPC Member Pill Speaks,UK MPC Member Pill Speaks,,,,,/calendar?day=feb6.2026#detail=152586,/calendar/850-uk-mpc-member-pill-speaks
Fri Feb 6,147301,1770364800,2026-02-06T15:00:00+07:00,CHF,SZ,low,1,3:00pm,Unemployment Rate,SZ Unemployment Rate,,3.0%,3.0%,,/calendar?day=feb6.2026#detail=147301,/calendar/62-sz-unemployment-rate
Fri Feb 6,147298,1770364800,2026-02-06T15:00:00+07:00,CHF,SZ,low,1,3:00pm,Foreign Currency Reserves,SZ Foreign Currency Reserves,,,725B,,/calendar?day=feb6.2026#detail=147298,/calendar/517-sz-foreign-currency-reserves
Fri Feb 6,147562,1770363900,2026-02-06T14:45:00+07:00,EUR,FR,low,1,2:45pm,French Trade Balance,FR Trade Balance,,-3.8B,-4.2B,,/calendar?day=feb6.2026#detail=147562,/calendar/126-fr-trade-balance
Fri Feb 6,151118,1770361200,2026-02-06T14:00:00+07:00,EUR,GE,low,1,2:00pm,German Trade Balance,GE Trade Balance,,14.1B,13.1B,,/calendar?day=feb6.2026#detail=151118,/calendar/125-ge-trade-balance
Fri Feb 6,151117,1770361200,2026-02-06T14:00:00+07:00,EUR,GE,low,1,2:00pm,German Industrial Production m/m,GE Industrial Production m/m,,-0.2%,0.8%,,/calendar?day=feb6.2026#detail=151117,/calendar/221-ge-industrial-production-mm
Fri Feb 6,150809,1770361200,2026-02-06T14:00:00+07:00,GBP,UK,low,1,2:00pm,Halifax HPI m/m,UK Halifax HPI m/m,,0.1%,-0.6%,,/calendar?day=feb6.2026#detail=150809,/calendar/151-uk-halifax-hpi-mm
Fri Feb 6,149654,1770354000,2026-02-06T12:00:00+07:00,JPY,JN,low,1,12:00pm,Leading Indicators,JN Leading Indicators,,109.8%,110.5%,109.9%,/calendar?day=feb6.2026#detail=149654,/calendar/145-jn-leading-indicators
Fri Feb 6,147482,1770353940,2026-02-06T11:59:00+07:00,AUD,AU,low,1,Tentative,NAB Quarterly Business Confidence,AU NAB Quarterly Business Confidence,,,2,,/calendar?day=feb6.2026#detail=147482,/calendar/248-au-nab-quarterly-business-confidence
Fri Feb 6,152628,1770336000,2026-02-06T07:00:00+07:00,USD,US,medium,2,7:00am,President Trump Speaks,US President Trump Speaks,,,,,/calendar?day=feb6.2026#detail=152628,/calendar/645-us-president-trump-speaks
Fri Feb 6,149617,1770334200,2026-02-06T06:30:00+07:00,JPY,JN,low,1,6:30am,Household Spending y/y,JN Household Spending y/y,,-0.5%,2.9%,,/calendar?day=feb6.2026#detail=149617,/calendar/359-jn-household-spending-yy
Fri Feb 6,152587,1770330600,2026-02-06T05:30:00+07:00,AUD,AU,high,3,5:30am,RBA Gov Bullock Speaks,AU RBA Gov Bullock Speaks,,,,,/calendar?day=feb6.2026#detail=152587,/calendar/671-au-rba-gov-bullock-speaks
Fri Feb 6,147441,1770321600,2026-02-06T03:00:00+07:00,NZD,NZ,holiday,0,All Day,Bank Holiday,NZ Bank Holiday,,,,,/calendar?day=feb6.2026#detail=147441,/calendar/395-nz-bank-holiday
Fri Feb 6,152584,1770312300,2026-02-06T00:25:00+07:00,CAD,CA,high,3,12:25am,BOC Gov Macklem Speaks,CA BOC Gov Macklem Speaks,,,,,/calendar?day=feb6.2026#detail=152584,/calendar/840-ca-boc-gov-macklem-speaks
Thu Feb 5,152583,1770306600,2026-02-05T22:50:00+07:00,USD,US,low,1,10:50pm,FOMC Member Bostic Speaks,US FOMC Member Bostic Speaks,,,,,/calendar?day=feb5.2026#detail=152583,/calendar/725-us-fomc-member-bostic-speaks
Thu Feb 5,148738,1770305400,2026-02-05T22:30:00+07:00,USD,US,low,1,10:30pm,Natural Gas Storage,US Natural Gas Storage,,-379B,-242B,,/calendar?day=feb5.2026#detail=148738,/calendar/26-us-natural-gas-storage
Thu Feb 5,152626,1770303600,2026-02-05T22:00:00+07:00,USD,US,high,3,10:00pm,JOLTS Job Openings,US JOLTS Job Openings,,,,,/calendar?day=feb5.2026#detail=152626,/calendar/578-us-jolts-job-openings
Thu Feb 5,150522,1770299100,2026-02-05T20:45:00+07:00,EUR,EZ,high,3,8:45pm,ECB Press Conference,EZ ECB Press Conference,,,,,/calendar?day=feb5.2026#detail=150522,/calendar/7-ez-ecb-press-conference
Thu Feb 5,146983,1770298200,2026-02-05T20:30:00+07:00,USD,US,high,3,8:30pm,Unemployment Claims,US Unemployment Claims,,212K,209K,,/calendar?day=feb5.2026#detail=146983,/calendar/11-us-unemployment-claims
Thu Feb 5,150524,1770297300,2026-02-05T20:15:00+07:00,EUR,EZ,high,3,8:15pm,Monetary Policy Statement,EZ Monetary Policy Statement,,,,,/calendar?day=feb5.2026#detail=150524,/calendar/825-ez-monetary-policy-statement
Thu Feb 5,150523,1770297300,2026-02-05T20:15:00+07:00,EUR,EZ,high,3,8:15pm,Main Refinancing Rate,EZ Main Refinancing Rate,,2.15%,2.15%,,/calendar?day=feb5.2026#detail=150523,/calendar/12-ez-main-refinancing-rate
Thu Feb 5,152589,1770294600,2026-02-05T19:30:00+07:00,GBP,UK,high,3,7:30pm,BOE Gov Bailey Speaks,UK BOE Gov Bailey Speaks,,,,,/calendar?day=feb5.2026#detail=152589,/calendar/838-uk-boe-gov-bailey-speaks
Thu Feb 5,146892,1770294600,2026-02-05T19:30:00+07:00,USD,US,low,1,7:30pm,Challenger Job Cuts y/y,US Challenger Job Cuts y/y,,,-8.3%,,/calendar?day=feb5.2026#detail=146892,/calendar/76-us-challenger-job-cuts-yy
Thu Feb 5,150705,1770292800,2026-02-05T19:00:00+07:00,GBP,UK,high,3,7:00pm,Official Bank Rate,UK Official Bank Rate,,3.75%,3.75%,,/calendar?day=feb5.2026#detail=150705,/calendar/15-uk-official-bank-rate
Thu Feb 5,150704,1770292800,2026-02-05T19:00:00+07:00,GBP,UK,high,3,7:00pm,Monetary Policy Summary,UK Monetary Policy Summary,,,,,/calendar?day=feb5.2026#detail=150704,/calendar/628-uk-monetary-policy-summary
Thu Feb 5,150703,1770292800,2026-02-05T19:00:00+07:00,GBP,UK,high,3,7:00pm,MPC Official Bank Rate Votes,UK MPC Official Bank Rate Votes,,0-2-7,0-5-4,,/calendar?day=feb5.2026#detail=150703,/calendar/305-uk-mpc-official-bank-rate-votes
Thu Feb 5,150702,1770292800,2026-02-05T19:00:00+07:00,GBP,UK,high,3,7:00pm,BOE Monetary Policy Report,UK BOE Monetary Policy Report,,,,,/calendar?day=feb5.2026#detail=150702,/calendar/418-uk-boe-monetary-policy-report
Thu Feb 5,147418,1770286680,2026-02-05T17:18:00+07:00,EUR,FR,low,1,Tentative,French 10-y Bond Auction,FR 10-y Bond Auction,,,3.53|2.0,,/calendar?day=feb5.2026#detail=147418,/calendar/523-fr-10-y-bond-auction
Thu Feb 5,147419,1770285780,2026-02-05T17:03:00+07:00,EUR,SP,low,1,Tentative,Spanish 10-y Bond Auction,SP 10-y Bond Auction,,,3.20|1.9,,/calendar?day=feb5.2026#detail=147419,/calendar/525-sp-10-y-bond-auction
Thu Feb 5,151238,1770285600,2026-02-05T17:00:00+07:00,EUR,EZ,low,1,5:00pm,Retail Sales m/m,EZ Retail Sales m/m,,-0.2%,0.2%,,/calendar?day=feb5.2026#detail=151238,/calendar/106-ez-retail-sales-mm
Thu Feb 5,150667,1770283800,2026-02-05T16:30:00+07:00,GBP,UK,low,1,4:30pm,Construction PMI,UK Construction PMI,,42.2,40.1,,/calendar?day=feb5.2026#detail=150667,/calendar/251-uk-construction-pmi
Thu Feb 5,147765,1770282000,2026-02-05T16:00:00+07:00,EUR,IT,low,1,4:00pm,Italian Retail Sales m/m,IT Retail Sales m/m,,-0.4%,0.5%,,/calendar?day=feb5.2026#detail=147765,/calendar/108-it-retail-sales-mm
Thu Feb 5,147564,1770277500,2026-02-05T14:45:00+07:00,EUR,FR,low,1,2:45pm,French Industrial Production m/m,FR Industrial Production m/m,,0.2%,-0.1%,,/calendar?day=feb5.2026#detail=147564,/calendar/222-fr-industrial-production-mm
Thu Feb 5,151116,1770274800,2026-02-05T14:00:00+07:00,EUR,GE,low,1,2:00pm,German Factory Orders m/m,GE Factory Orders m/m,,-1.8%,5.6%,,/calendar?day=feb5.2026#detail=151116,/calendar/352-ge-factory-orders-mm
Thu Feb 5,150292,1770262500,2026-02-05T10:35:00+07:00,JPY,JN,low,1,10:35am,30-y Bond Auction,JN 30-y Bond Auction,3.62|3.6,,3.45|3.1,,/calendar?day=feb5.2026#detail=150292,/calendar/575-jn-30-y-bond-auction
Thu Feb 5,148268,1770251400,2026-02-05T07:30:00+07:00,AUD,AU,low,1,7:30am,Goods Trade Balance,AU Goods Trade Balance,3.37B,3.42B,2.94B,2.60B,/calendar?day=feb5.2026#detail=148268,/calendar/122-au-goods-trade-balance
Thu Feb 5,152605,1770247800,2026-02-05T06:30:00+07:00,USD,US,low,1,6:30am,FOMC Member Cook Speaks,US FOMC Member Cook Speaks,,,,,/calendar?day=feb5.2026#detail=152605,/calendar/886-us-fomc-member-cook-speaks
Wed Feb 4,148921,1770219000,2026-02-04T22:30:00+07:00,USD,US,low,1,10:30pm,Crude Oil Inventories,US Crude Oil Inventories,-3.5M,-2.0M,-2.3M,,/calendar?day=feb4.2026#detail=148921,/calendar/10-us-crude-oil-inventories
Wed Feb 4,146600,1770217200,2026-02-04T22:00:00+07:00,USD,US,high,3,10:00pm,ISM Services PMI,US ISM Services PMI,53.8,53.5,54.4,,/calendar?day=feb4.2026#detail=146600,/calendar/253-us-ism-services-pmi
Wed Feb 4,149629,1770216300,2026-02-04T21:45:00+07:00,USD,US,low,1,9:45pm,Final Services PMI,US Final Services PMI,52.7,52.5,52.5,,/calendar?day=feb4.2026#detail=149629,/calendar/584-us-final-services-pmi
Wed Feb 4,150295,1770210900,2026-02-04T20:15:00+07:00,USD,US,high,3,8:15pm,ADP Non-Farm Employment Change,US ADP Non-Farm Employment Change,22K,46K,41K,37K,/calendar?day=feb4.2026#detail=150295,/calendar/75-us-adp-non-farm-employment-change
Wed Feb 4,151237,1770199200,2026-02-04T17:00:00+07:00,EUR,EZ,low,1,5:00pm,PPI m/m,EZ PPI m/m,-0.3%,-0.3%,0.5%,0.7%,/calendar?day=feb4.2026#detail=151237,/calendar/89-ez-ppi-mm
Wed Feb 4,151236,1770199200,2026-02-04T17:00:00+07:00,EUR,EZ,medium,2,5:00pm,CPI Flash Estimate y/y,EZ CPI Flash Estimate y/y,1.7%,1.7%,2.0%,1.9%,/calendar?day=feb4.2026#detail=151236,/calendar/168-ez-cpi-flash-estimate-yy
Wed Feb 4,151235,1770199200,2026-02-04T17:00:00+07:00,EUR,EZ,medium,2,5:00pm,Core CPI Flash Estimate y/y,EZ Core CPI Flash Estimate y/y,2.2%,2.3%,2.3%,,/calendar?day=feb4.2026#detail=151235,/calendar/593-ez-core-cpi-flash-estimate-yy
Wed Feb 4,147719,1770199200,2026-02-04T17:00:00+07:00,EUR,IT,low,1,5:00pm,Italian Prelim CPI m/m,IT Prelim CPI m/m,0.4%,0.4%,0.2%,,/calendar?day=feb4.2026#detail=147719,/calendar/172-it-prelim-cpi-mm
Wed Feb 4,147224,1770197400,2026-02-04T16:30:00+07:00,GBP,UK,low,1,4:30pm,Final Services PMI,UK Final Services PMI,54.0,54.2,54.3,,/calendar?day=feb4.2026#detail=147224,/calendar/250-uk-final-services-pmi
Wed Feb 4,147223,1770195600,2026-02-04T16:00:00+07:00,EUR,EZ,low,1,4:00pm,Final Services PMI,EZ Final Services PMI,51.6,51.9,51.9,,/calendar?day=feb4.2026#detail=147223,/calendar/265-ez-final-services-pmi
Wed Feb 4,147222,1770195300,2026-02-04T15:55:00+07:00,EUR,GE,low,1,3:55pm,German Final Services PMI,GE Final Services PMI,52.4,53.3,53.3,,/calendar?day=feb4.2026#detail=147222,/calendar/620-ge-final-services-pmi
Wed Feb 4,147221,1770195000,2026-02-04T15:50:00+07:00,EUR,FR,low,1,3:50pm,French Final Services PMI,FR Final Services PMI,48.4,47.9,47.9,,/calendar?day=feb4.2026#detail=147221,/calendar/619-fr-final-services-pmi
Wed Feb 4,147220,1770194700,2026-02-04T15:45:00+07:00,EUR,IT,low,1,3:45pm,Italian Services PMI,IT Services PMI,52.9,51.3,51.5,,/calendar?day=feb4.2026#detail=147220,/calendar/548-it-services-pmi
Wed Feb 4,147219,1770192900,2026-02-04T15:15:00+07:00,EUR,SP,low,1,3:15pm,Spanish Services PMI,SP Services PMI,53.5,56.6,57.1,,/calendar?day=feb4.2026#detail=147219,/calendar/558-sp-services-pmi
Wed Feb 4,152582,1770181800,2026-02-04T12:10:00+07:00,AUD,AU,low,1,12:10pm,RBA Assist Gov Jones Speaks,AU RBA Assist Gov Jones Speaks,,,,,/calendar?day=feb4.2026#detail=152582,/calendar/924-au-rba-assist-gov-jones-speaks
Wed Feb 4,150092,1770169500,2026-02-04T08:45:00+07:00,CNY,CH,low,1,8:45am,RatingDog Services PMI,CH RatingDog Services PMI,52.3,52.0,52.0,,/calendar?day=feb4.2026#detail=150092,/calendar/591-ch-ratingdog-services-pmi
Wed Feb 4,149584,1770163200,2026-02-04T07:00:00+07:00,NZD,NZ,low,1,7:00am,ANZ Commodity Prices m/m,NZ ANZ Commodity Prices m/m,2.0%,,-2.1%,,/calendar?day=feb4.2026#detail=149584,/calendar/190-nz-anz-commodity-prices-mm
Wed Feb 4,149385,1770159360,2026-02-04T05:56:00+07:00,NZD,NZ,low,1,5:56am,GDT Price Index,NZ GDT Price Index,6.7%,,1.5%,,/calendar?day=feb4.2026#detail=149385,/calendar/602-nz-gdt-price-index
Wed Feb 4,149121,1770155100,2026-02-04T04:45:00+07:00,NZD,NZ,low,1,4:45am,Labor Cost Index q/q,NZ Labor Cost Index q/q,0.4%,0.5%,0.5%,,/calendar?day=feb4.2026#detail=149121,/calendar/183-nz-labor-cost-index-qq
Wed Feb 4,149114,1770155100,2026-02-04T04:45:00+07:00,NZD,NZ,high,3,4:45am,Unemployment Rate,NZ Unemployment Rate,5.4%,5.3%,5.3%,,/calendar?day=feb4.2026#detail=149114,/calendar/65-nz-unemployment-rate
Wed Feb 4,149113,1770155100,2026-02-04T04:45:00+07:00,NZD,NZ,high,3,4:45am,Employment Change q/q,NZ Employment Change q/q,0.5%,0.3%,0.0%,,/calendar?day=feb4.2026#detail=149113,/calendar/74-nz-employment-change-qq
Wed Feb 4,147059,1770154200,2026-02-04T04:30:00+07:00,USD,US,low,1,4:30am,API Weekly Statistical Bulletin,US API Weekly Statistical Bulletin,,,,,/calendar?day=feb4.2026#detail=147059,/calendar/754-us-api-weekly-statistical-bulletin
Tue Feb 3,148639,1770131700,2026-02-03T22:15:00+07:00,USD,US,low,1,All Day,Wards Total Vehicle Sales,US Wards Total Vehicle Sales,14.9M,15.3M,16.0M,,/calendar?day=feb3.2026#detail=148639,/calendar/828-us-wards-total-vehicle-sales
Tue Feb 3,149074,1770130860,2026-02-03T22:01:00+07:00,USD,US,low,1,10:01pm,RCM/TIPP Economic Optimism,US RCM/TIPP Economic Optimism,48.8,47.9,47.2,,/calendar?day=feb3.2026#detail=149074,/calendar/237-us-rcmtipp-economic-optimism
Tue Feb 3,152581,1770129600,2026-02-03T21:40:00+07:00,USD,US,low,1,9:40pm,FOMC Member Bowman Speaks,US FOMC Member Bowman Speaks,,,,,/calendar?day=feb3.2026#detail=152581,/calendar/812-us-fomc-member-bowman-speaks
Tue Feb 3,152604,1770123600,2026-02-03T20:00:00+07:00,USD,US,low,1,8:00pm,FOMC Member Barkin Speaks,US FOMC Member Barkin Speaks,,,,,/calendar?day=feb3.2026#detail=152604,/calendar/728-us-fomc-member-barkin-speaks
Tue Feb 3,152588,1770112920,2026-02-03T17:02:00+07:00,GBP,UK,low,1,5:02pm,10-y Bond Auction,UK 10-y Bond Auction,4.59|3.6,,4.46|3.3,,/calendar?day=feb3.2026#detail=152588,/calendar/526-uk-10-y-bond-auction
Tue Feb 3,147492,1770105600,2026-02-03T15:00:00+07:00,EUR,SP,low,1,3:00pm,Spanish Unemployment Change,SP Unemployment Change,30.4K,13.4K,-16.3K,,/calendar?day=feb3.2026#detail=147492,/calendar/561-sp-unemployment-change
Tue Feb 3,147536,1770104700,2026-02-03T14:45:00+07:00,EUR,FR,low,1,2:45pm,French Prelim CPI m/m,FR Prelim CPI m/m,-0.3%,-0.1%,0.1%,,/calendar?day=feb3.2026#detail=147536,/calendar/556-fr-prelim-cpi-mm
Tue Feb 3,147524,1770104700,2026-02-03T14:45:00+07:00,EUR,FR,low,1,2:45pm,French Gov Budget Balance,FR Gov Budget Balance,-124.7B,,-155.4B,,/calendar?day=feb3.2026#detail=147524,/calendar/378-fr-gov-budget-balance
Tue Feb 3,147795,1770093000,2026-02-03T11:30:00+07:00,AUD,AU,high,3,11:30am,RBA Press Conference,AU RBA Press Conference,,,,,/calendar?day=feb3.2026#detail=147795,/calendar/906-au-rba-press-conference
Tue Feb 3,150279,1770089700,2026-02-03T10:35:00+07:00,JPY,JN,low,1,10:35am,10-y Bond Auction,JN 10-y Bond Auction,2.25|3.0,,2.10|3.3,,/calendar?day=feb3.2026#detail=150279,/calendar/574-jn-10-y-bond-auction
Tue Feb 3,148537,1770089400,2026-02-03T10:30:00+07:00,AUD,AU,high,3,10:30am,RBA Monetary Policy Statement,AU RBA Monetary Policy Statement,,,,,/calendar?day=feb3.2026#detail=148537,/calendar/415-au-rba-monetary-policy-statement
Tue Feb 3,147780,1770089400,2026-02-03T10:30:00+07:00,AUD,AU,high,3,10:30am,RBA Rate Statement,AU RBA Rate Statement,,,,,/calendar?day=feb3.2026#detail=147780,/calendar/22-au-rba-rate-statement
Tue Feb 3,147779,1770089400,2026-02-03T10:30:00+07:00,AUD,AU,high,3,10:30am,Cash Rate,AU Cash Rate,3.85%,3.85%,3.60%,,/calendar?day=feb3.2026#detail=147779,/calendar/21-au-cash-rate
Tue Feb 3,150054,1770078600,2026-02-03T07:30:00+07:00,AUD,AU,low,1,7:30am,Building Approvals m/m,AU Building Approvals m/m,-14.9%,-6.2%,15.2%,13.1%,/calendar?day=feb3.2026#detail=150054,/calendar/202-au-building-approvals-mm
Tue Feb 3,148709,1770076200,2026-02-03T06:50:00+07:00,JPY,JN,low,1,6:50am,Monetary Base y/y,JN Monetary Base y/y,-9.5%,-10.3%,-9.8%,,/calendar?day=feb3.2026#detail=148709,/calendar/377-jn-monetary-base-yy
Tue Feb 3,150024,1770068700,2026-02-03T04:45:00+07:00,NZD,NZ,low,1,4:45am,Building Consents m/m,NZ Building Consents m/m,-4.6%,,2.8%,2.7%,/calendar?day=feb3.2026#detail=150024,/calendar/229-nz-building-consents-mm
Tue Feb 3,148788,1770058800,2026-02-03T02:00:00+07:00,USD,US,low,1,2:00am,Loan Officer Survey,US Loan Officer Survey,,,,,/calendar?day=feb3.2026#detail=148788,/calendar/473-us-loan-officer-survey
Tue Feb 3,152580,1770053400,2026-02-03T00:30:00+07:00,USD,US,low,1,12:30am,FOMC Member Bostic Speaks,US FOMC Member Bostic Speaks,,,,,/calendar?day=feb3.2026#detail=152580,/calendar/725-us-fomc-member-bostic-speaks
Mon Feb 2,146588,1770044400,2026-02-02T22:00:00+07:00,USD,US,medium,2,10:00pm,ISM Manufacturing Prices,US ISM Manufacturing Prices,59.0,59.3,58.5,,/calendar?day=feb2.2026#detail=146588,/calendar/255-us-ism-manufacturing-prices
Mon Feb 2,146576,1770044400,2026-02-02T22:00:00+07:00,USD,US,high,3,10:00pm,ISM Manufacturing PMI,US ISM Manufacturing PMI,52.6,48.5,47.9,,/calendar?day=feb2.2026#detail=146576,/calendar/252-us-ism-manufacturing-pmi
Mon Feb 2,149641,1770043500,2026-02-02T21:45:00+07:00,USD,US,low,1,9:45pm,Final Manufacturing PMI,US Final Manufacturing PMI,52.4,51.9,51.9,,/calendar?day=feb2.2026#detail=149641,/calendar/553-us-final-manufacturing-pmi
Mon Feb 2,146866,1770042600,2026-02-02T21:30:00+07:00,CAD,CA,low,1,9:30pm,Manufacturing PMI,CA Manufacturing PMI,50.4,,48.6,,/calendar?day=feb2.2026#detail=146866,/calendar/629-ca-manufacturing-pmi
Mon Feb 2,152579,1770032700,2026-02-02T18:45:00+07:00,GBP,UK,low,1,6:45pm,MPC Member Breeden Speaks,UK MPC Member Breeden Speaks,,,,,/calendar?day=feb2.2026#detail=152579,/calendar/899-uk-mpc-member-breeden-speaks
Mon Feb 2,147151,1770024600,2026-02-02T16:30:00+07:00,GBP,UK,low,1,4:30pm,Final Manufacturing PMI,UK Final Manufacturing PMI,51.8,51.6,51.6,,/calendar?day=feb2.2026#detail=147151,/calendar/249-uk-final-manufacturing-pmi
Mon Feb 2,147150,1770022800,2026-02-02T16:00:00+07:00,EUR,EZ,low,1,4:00pm,Final Manufacturing PMI,EZ Final Manufacturing PMI,49.5,49.4,49.4,,/calendar?day=feb2.2026#detail=147150,/calendar/264-ez-final-manufacturing-pmi
Mon Feb 2,147149,1770022500,2026-02-02T15:55:00+07:00,EUR,GE,low,1,3:55pm,German Final Manufacturing PMI,GE Final Manufacturing PMI,49.1,48.7,48.7,,/calendar?day=feb2.2026#detail=147149,/calendar/618-ge-final-manufacturing-pmi
Mon Feb 2,147148,1770022200,2026-02-02T15:50:00+07:00,EUR,FR,low,1,3:50pm,French Final Manufacturing PMI,FR Final Manufacturing PMI,51.2,51.0,51.0,,/calendar?day=feb2.2026#detail=147148,/calendar/617-fr-final-manufacturing-pmi
Mon Feb 2,147147,1770021900,2026-02-02T15:45:00+07:00,EUR,IT,low,1,3:45pm,Italian Manufacturing PMI,IT Manufacturing PMI,48.1,48.5,47.9,,/calendar?day=feb2.2026#detail=147147,/calendar/547-it-manufacturing-pmi
Mon Feb 2,147129,1770021000,2026-02-02T15:30:00+07:00,CHF,SZ,low,1,3:30pm,Manufacturing PMI,SZ Manufacturing PMI,48.8,47.2,45.8,,/calendar?day=feb2.2026#detail=147129,/calendar/273-sz-manufacturing-pmi
Mon Feb 2,147146,1770020100,2026-02-02T15:15:00+07:00,EUR,SP,low,1,3:15pm,Spanish Manufacturing PMI,SP Manufacturing PMI,49.2,49.9,49.6,,/calendar?day=feb2.2026#detail=147146,/calendar/557-sp-manufacturing-pmi
Mon Feb 2,147359,1770017400,2026-02-02T14:30:00+07:00,CHF,SZ,low,1,2:30pm,Retail Sales y/y,SZ Retail Sales y/y,2.9%,2.5%,2.3%,1.7%,/calendar?day=feb2.2026#detail=147359,/calendar/109-sz-retail-sales-yy
Mon Feb 2,151115,1770015600,2026-02-02T14:00:00+07:00,EUR,GE,low,1,2:00pm,German Retail Sales m/m,GE Retail Sales m/m,0.1%,-0.1%,-0.6%,-0.5%,/calendar?day=feb2.2026#detail=151115,/calendar/107-ge-retail-sales-mm
Mon Feb 2,150796,1770015600,2026-02-02T14:00:00+07:00,GBP,UK,low,1,2:00pm,Nationwide HPI m/m,UK Nationwide HPI m/m,0.3%,0.3%,-0.4%,,/calendar?day=feb2.2026#detail=150796,/calendar/242-uk-nationwide-hpi-mm
Mon Feb 2,148373,1770010200,2026-02-02T12:30:00+07:00,AUD,AU,low,1,12:30pm,Commodity Prices y/y,AU Commodity Prices y/y,2.6%,,-3.8%,-3.2%,/calendar?day=feb2.2026#detail=148373,/calendar/245-au-commodity-prices-yy
Mon Feb 2,150091,1769996700,2026-02-02T08:45:00+07:00,CNY,CH,low,1,8:45am,RatingDog Manufacturing PMI,CH RatingDog Manufacturing PMI,50.3,50.1,50.1,,/calendar?day=feb2.2026#detail=150091,/calendar/448-ch-ratingdog-manufacturing-pmi
Mon Feb 2,150934,1769992200,2026-02-02T07:30:00+07:00,JPY,JN,low,1,7:30am,Final Manufacturing PMI,JN Final Manufacturing PMI,51.5,51.5,51.5,,/calendar?day=feb2.2026#detail=150934,/calendar/274-jn-final-manufacturing-pmi
Mon Feb 2,148119,1769992200,2026-02-02T07:30:00+07:00,AUD,AU,low,1,7:30am,ANZ Job Advertisements m/m,AU ANZ Job Advertisements m/m,4.4%,,-0.5%,-0.8%,/calendar?day=feb2.2026#detail=148119,/calendar/234-au-anz-job-advertisements-mm
Mon Feb 2,148437,1769990400,2026-02-02T07:00:00+07:00,AUD,AU,low,1,7:00am,MI Inflation Gauge m/m,AU MI Inflation Gauge m/m,0.2%,,1.0%,,/calendar?day=feb2.2026#detail=148437,/calendar/294-au-mi-inflation-gauge-mm
Mon Feb 2,148688,1769989800,2026-02-02T06:50:00+07:00,JPY,JN,low,1,6:50am,BOJ Summary of Opinions,JN BOJ Summary of Opinions,,,,,/calendar?day=feb2.2026#detail=148688,/calendar/633-jn-boj-summary-of-opinions
Sun Feb 1,152607,1769940900,2026-02-01T17:15:00+07:00,All,WW,medium,2,All Day,OPEC-JMMC Meetings,WW OPEC-JMMC Meetings,,,,,/calendar?day=feb1.2026#detail=152607,/calendar/798-opec-jmmc-meetings
Sat Jan 31,150066,1769823000,2026-01-31T08:30:00+07:00,CNY,CH,low,1,8:30am,Non-Manufacturing PMI,CH Non-Manufacturing PMI,49.4,50.3,50.2,,/calendar?day=jan31.2026#detail=150066,/calendar/520-ch-non-manufacturing-pmi
Sat Jan 31,150065,1769823000,2026-01-31T08:30:00+07:00,CNY,CH,medium,2,8:30am,Manufacturing PMI,CH Manufacturing PMI,49.3,50.1,50.1,,/calendar?day=jan31.2026#detail=150065,/calendar/449-ch-manufacturing-pmi
Sat Jan 31,152310,1769810400,2026-01-31T05:00:00+07:00,USD,US,low,1,5:00am,FOMC Member Bowman Speaks,US FOMC Member Bowman Speaks,,,,,/calendar?day=jan31.2026#detail=152310,/calendar/812-us-fomc-member-bowman-speaks
Sat Jan 31,152098,1769797800,2026-01-31T01:30:00+07:00,USD,US,low,1,1:30am,FOMC Member Musalem Speaks,US FOMC Member Musalem Speaks,,,,,/calendar?day=jan31.2026#detail=152098,/calendar/911-us-fomc-member-musalem-speaks
Fri Jan 30,146822,1769784300,2026-01-30T21:45:00+07:00,USD,US,low,1,9:45pm,Chicago PMI,US Chicago PMI,54.0,43.5,43.5,,/calendar?day=jan30.2026#detail=146822,/calendar/189-us-chicago-pmi
Fri Jan 30,151480,1769779800,2026-01-30T20:30:00+07:00,USD,US,high,3,8:30pm,PPI m/m,US PPI m/m,0.5%,0.2%,0.2%,,/calendar?day=jan30.2026#detail=151480,/calendar/86-us-ppi-mm
Fri Jan 30,151479,1769779800,2026-01-30T20:30:00+07:00,USD,US,high,3,8:30pm,Core PPI m/m,US Core PPI m/m,0.7%,0.2%,0.0%,,/calendar?day=jan30.2026#detail=151479,/calendar/87-us-core-ppi-mm
Fri Jan 30,146657,1769779800,2026-01-30T20:30:00+07:00,CAD,CA,high,3,8:30pm,GDP m/m,CA GDP m/m,0.0%,0.1%,-0.3%,,/calendar?day=jan30.2026#detail=146657,/calendar/29-ca-gdp-mm
Fri Jan 30,151344,1769767200,2026-01-30T17:00:00+07:00,EUR,EZ,low,1,5:00pm,Prelim Flash GDP q/q,EZ Prelim Flash GDP q/q,0.3%,0.2%,0.2%,0.3%,/calendar?day=jan30.2026#detail=151344,/calendar/638-ez-prelim-flash-gdp-qq
Fri Jan 30,151234,1769767200,2026-01-30T17:00:00+07:00,EUR,EZ,low,1,5:00pm,Unemployment Rate,EZ Unemployment Rate,6.2%,6.3%,6.3%,,/calendar?day=jan30.2026#detail=151234,/calendar/59-ez-unemployment-rate
Fri Jan 30,147718,1769767200,2026-01-30T17:00:00+07:00,EUR,IT,low,1,5:00pm,Italian Monthly Unemployment Rate,IT Monthly Unemployment Rate,5.6%,5.8%,5.7%,5.6%,/calendar?day=jan30.2026#detail=147718,/calendar/486-it-monthly-unemployment-rate
Fri Jan 30,150740,1769765400,2026-01-30T16:30:00+07:00,GBP,UK,low,1,4:30pm,Net Lending to Individuals m/m,UK Net Lending to Individuals m/m,6.1B,6.1B,6.6B,6.7B,/calendar?day=jan30.2026#detail=150740,/calendar/343-uk-net-lending-to-individuals-mm
Fri Jan 30,150739,1769765400,2026-01-30T16:30:00+07:00,GBP,UK,low,1,4:30pm,Mortgage Approvals,UK Mortgage Approvals,61K,65K,65K,64K,/calendar?day=jan30.2026#detail=150739,/calendar/287-uk-mortgage-approvals
Fri Jan 30,150738,1769765400,2026-01-30T16:30:00+07:00,GBP,UK,low,1,4:30pm,M4 Money Supply m/m,UK M4 Money Supply m/m,0.3%,0.3%,0.8%,,/calendar?day=jan30.2026#detail=150738,/calendar/348-uk-m4-money-supply-mm
Fri Jan 30,151111,1769763600,2026-01-30T16:00:00+07:00,EUR,GE,medium,2,4:00pm,German Prelim GDP q/q,GE Prelim GDP q/q,0.3%,0.2%,0.0%,,/calendar?day=jan30.2026#detail=151111,/calendar/38-ge-prelim-gdp-qq
Fri Jan 30,147771,1769763600,2026-01-30T16:00:00+07:00,EUR,IT,low,1,4:00pm,Italian Prelim GDP q/q,IT Prelim GDP q/q,0.3%,0.2%,0.0%,0.1%,/calendar?day=jan30.2026#detail=147771,/calendar/40-it-prelim-gdp-qq
Fri Jan 30,150510,1769763300,2026-01-30T15:55:00+07:00,EUR,GE,low,1,3:55pm,German Unemployment Change,GE Unemployment Change,0K,4K,3K,,/calendar?day=jan30.2026#detail=150510,/calendar/60-ge-unemployment-change
Fri Jan 30,147519,1769760000,2026-01-30T15:00:00+07:00,EUR,SP,low,1,3:00pm,Spanish Flash GDP q/q,SP Flash GDP q/q,0.8%,0.6%,0.6%,,/calendar?day=jan30.2026#detail=147519,/calendar/555-sp-flash-gdp-qq
Fri Jan 30,147517,1769760000,2026-01-30T15:00:00+07:00,EUR,SP,low,1,3:00pm,Spanish Flash CPI y/y,SP Flash CPI y/y,2.4%,2.4%,2.9%,,/calendar?day=jan30.2026#detail=147517,/calendar/592-sp-flash-cpi-yy
Fri Jan 30,147360,1769760000,2026-01-30T15:00:00+07:00,CHF,SZ,low,1,3:00pm,KOF Economic Barometer,SZ KOF Economic Barometer,102.5,103.1,103.4,103.6,/calendar?day=jan30.2026#detail=147360,/calendar/301-sz-kof-economic-barometer
Fri Jan 30,151732,1769759100,2026-01-30T14:45:00+07:00,EUR,FR,low,1,2:45pm,French Prelim Private Payrolls q/q,FR Prelim Private Payrolls q/q,-0.1%,0.1%,-0.1%,,/calendar?day=jan30.2026#detail=151732,/calendar/70-fr-prelim-private-payrolls-qq
Fri Jan 30,151114,1769758140,2026-01-30T14:29:00+07:00,EUR,GE,medium,2,All Day,German Prelim CPI m/m,GE Prelim CPI m/m,0.1%,0.0%,0.0%,,/calendar?day=jan30.2026#detail=151114,/calendar/169-ge-prelim-cpi-mm
Fri Jan 30,151113,1769756400,2026-01-30T14:00:00+07:00,EUR,GE,low,1,2:00pm,German Import Prices m/m,GE Import Prices m/m,-0.1%,-0.4%,0.5%,,/calendar?day=jan30.2026#detail=151113,/calendar/257-ge-import-prices-mm
Fri Jan 30,151736,1769754600,2026-01-30T13:30:00+07:00,EUR,FR,low,1,1:30pm,French Flash GDP q/q,FR Flash GDP q/q,0.2%,0.2%,0.5%,,/calendar?day=jan30.2026#detail=151736,/calendar/675-fr-flash-gdp-qq
Fri Jan 30,147561,1769754600,2026-01-30T13:30:00+07:00,EUR,FR,low,1,1:30pm,French Consumer Spending m/m,FR Consumer Spending m/m,-0.6%,-0.4%,-0.3%,,/calendar?day=jan30.2026#detail=147561,/calendar/357-fr-consumer-spending-mm
Fri Jan 30,149738,1769749200,2026-01-30T12:00:00+07:00,JPY,JN,low,1,12:00pm,Housing Starts y/y,JN Housing Starts y/y,-1.3%,-4.5%,-8.5%,,/calendar?day=jan30.2026#detail=149738,/calendar/228-jn-housing-starts-yy
Fri Jan 30,148494,1769733000,2026-01-30T07:30:00+07:00,AUD,AU,low,1,7:30am,PPI q/q,AU PPI q/q,0.8%,1.1%,1.0%,,/calendar?day=jan30.2026#detail=148494,/calendar/97-au-ppi-qq
Fri Jan 30,148319,1769733000,2026-01-30T07:30:00+07:00,AUD,AU,low,1,7:30am,Private Sector Credit m/m,AU Private Sector Credit m/m,0.8%,0.6%,0.6%,,/calendar?day=jan30.2026#detail=148319,/calendar/344-au-private-sector-credit-mm
Fri Jan 30,149702,1769730600,2026-01-30T06:50:00+07:00,JPY,JN,low,1,6:50am,Retail Sales y/y,JN Retail Sales y/y,-0.9%,0.7%,1.0%,1.1%,/calendar?day=jan30.2026#detail=149702,/calendar/115-jn-retail-sales-yy
Fri Jan 30,149666,1769730600,2026-01-30T06:50:00+07:00,JPY,JN,low,1,6:50am,Prelim Industrial Production m/m,JN Prelim Industrial Production m/m,-0.1%,-0.4%,-2.6%,-2.7%,/calendar?day=jan30.2026#detail=149666,/calendar/225-jn-prelim-industrial-production-mm
Fri Jan 30,149922,1769729400,2026-01-30T06:30:00+07:00,JPY,JN,medium,2,6:30am,Tokyo Core CPI y/y,JN Tokyo Core CPI y/y,2.0%,2.2%,2.3%,,/calendar?day=jan30.2026#detail=149922,/calendar/175-jn-tokyo-core-cpi-yy
Fri Jan 30,148824,1769729400,2026-01-30T06:30:00+07:00,JPY,JN,low,1,6:30am,Unemployment Rate,JN Unemployment Rate,2.6%,2.6%,2.6%,,/calendar?day=jan30.2026#detail=148824,/calendar/63-jn-unemployment-rate
Fri Jan 30,152577,1769722200,2026-01-30T04:30:00+07:00,USD,US,medium,2,4:30am,President Trump Speaks,US President Trump Speaks,,,,,/calendar?day=jan30.2026#detail=152577,/calendar/645-us-president-trump-speaks
Fri Jan 30,144599,1769720400,2026-01-30T04:00:00+07:00,USD,US,medium,2,4:00am,Treasury Currency Report,US Treasury Currency Report,,,,,/calendar?day=jan30.2026#detail=144599,/calendar/459-us-treasury-currency-report
Thu Jan 29,148737,1769700600,2026-01-29T22:30:00+07:00,USD,US,low,1,10:30pm,Natural Gas Storage,US Natural Gas Storage,-242B,-237B,-120B,,/calendar?day=jan29.2026#detail=148737,/calendar/26-us-natural-gas-storage
Thu Jan 29,151754,1769698800,2026-01-29T22:00:00+07:00,USD,US,low,1,10:00pm,Final Wholesale Inventories m/m,US Final Wholesale Inventories m/m,0.2%,0.2%,0.2%,,/calendar?day=jan29.2026#detail=151754,/calendar/154-us-final-wholesale-inventories-mm
Thu Jan 29,151747,1769698800,2026-01-29T22:00:00+07:00,USD,US,low,1,10:00pm,Factory Orders m/m,US Factory Orders m/m,2.7%,1.7%,-1.3%,-1.2%,/calendar?day=jan29.2026#detail=151747,/calendar/351-us-factory-orders-mm
Thu Jan 29,152578,1769693400,2026-01-29T20:30:00+07:00,USD,US,low,1,8:30pm,Goods Trade Balance,US Goods Trade Balance,-86.9B,,-59.1B,-59.0B,/calendar?day=jan29.2026#detail=152578,/calendar/625-us-goods-trade-balance
Thu Jan 29,152075,1769693400,2026-01-29T20:30:00+07:00,USD,US,low,1,8:30pm,Revised Unit Labor Costs q/q,US Revised Unit Labor Costs q/q,-1.9%,-1.9%,-1.9%,,/calendar?day=jan29.2026#detail=152075,/calendar/178-us-revised-unit-labor-costs-qq
Thu Jan 29,152074,1769693400,2026-01-29T20:30:00+07:00,USD,US,low,1,8:30pm,Revised Nonfarm Productivity q/q,US Revised Nonfarm Productivity q/q,4.9%,4.9%,4.9%,,/calendar?day=jan29.2026#detail=152074,/calendar/156-us-revised-nonfarm-productivity-qq
Thu Jan 29,151745,1769693400,2026-01-29T20:30:00+07:00,USD,US,low,1,8:30pm,Trade Balance,US Trade Balance,-56.8B,-43.4B,-29.4B,-29.2B,/calendar?day=jan29.2026#detail=151745,/calendar/117-us-trade-balance
Thu Jan 29,146982,1769693400,2026-01-29T20:30:00+07:00,USD,US,high,3,8:30pm,Unemployment Claims,US Unemployment Claims,209K,206K,200K,210K,/calendar?day=jan29.2026#detail=146982,/calendar/11-us-unemployment-claims
Thu Jan 29,146658,1769693400,2026-01-29T20:30:00+07:00,CAD,CA,low,1,8:30pm,Trade Balance,CA Trade Balance,-2.2B,-0.7B,-0.6B,-0.4B,/calendar?day=jan29.2026#detail=146658,/calendar/118-ca-trade-balance
Thu Jan 29,150567,1769677200,2026-01-29T16:00:00+07:00,EUR,EZ,low,1,4:00pm,Private Loans y/y,EZ Private Loans y/y,3.0%,2.9%,2.9%,,/calendar?day=jan29.2026#detail=150567,/calendar/365-ez-private-loans-yy
Thu Jan 29,150566,1769677200,2026-01-29T16:00:00+07:00,EUR,EZ,low,1,4:00pm,M3 Money Supply y/y,EZ M3 Money Supply y/y,2.8%,3.0%,3.0%,,/calendar?day=jan29.2026#detail=150566,/calendar/375-ez-m3-money-supply-yy
Thu Jan 29,148796,1769662800,2026-01-29T12:00:00+07:00,JPY,JN,low,1,12:00pm,Consumer Confidence,JN Consumer Confidence,37.9,37.1,37.2,,/calendar?day=jan29.2026#detail=148796,/calendar/212-jn-consumer-confidence
Thu Jan 29,148423,1769646600,2026-01-29T07:30:00+07:00,AUD,AU,low,1,7:30am,Import Prices q/q,AU Import Prices q/q,0.9%,-0.2%,-0.4%,,/calendar?day=jan29.2026#detail=148423,/calendar/258-au-import-prices-qq
Thu Jan 29,149363,1769644800,2026-01-29T07:00:00+07:00,NZD,NZ,low,1,7:00am,ANZ Business Confidence,NZ ANZ Business Confidence,64.1,,73.6,,/calendar?day=jan29.2026#detail=149363,/calendar/319-nz-anz-business-confidence
Thu Jan 29,149311,1769636700,2026-01-29T04:45:00+07:00,NZD,NZ,low,1,4:45am,Trade Balance,NZ Trade Balance,52M,30M,-163M,-335M,/calendar?day=jan29.2026#detail=149311,/calendar/121-nz-trade-balance
Thu Jan 29,146514,1769628600,2026-01-29T02:30:00+07:00,USD,US,high,3,2:30am,FOMC Press Conference,US FOMC Press Conference,,,,,/calendar?day=jan29.2026#detail=146514,/calendar/512-us-fomc-press-conference
Thu Jan 29,146502,1769626800,2026-01-29T02:00:00+07:00,USD,US,high,3,2:00am,FOMC Statement,US FOMC Statement,,,,,/calendar?day=jan29.2026#detail=146502,/calendar/4-us-fomc-statement
Thu Jan 29,146494,1769626800,2026-01-29T02:00:00+07:00,USD,US,high,3,2:00am,Federal Funds Rate,US Federal Funds Rate,3.75%,3.75%,3.75%,,/calendar?day=jan29.2026#detail=146494,/calendar/1-us-federal-funds-rate
Wed Jan 28,148920,1769614200,2026-01-28T22:30:00+07:00,USD,US,low,1,10:30pm,Crude Oil Inventories,US Crude Oil Inventories,-2.3M,-0.2M,3.6M,,/calendar?day=jan28.2026#detail=148920,/calendar/10-us-crude-oil-inventories
Wed Jan 28,146551,1769614200,2026-01-28T22:30:00+07:00,CAD,CA,high,3,10:30pm,BOC Press Conference,CA BOC Press Conference,,,,,/calendar?day=jan28.2026#detail=146551,/calendar/471-ca-boc-press-conference
Wed Jan 28,146547,1769611500,2026-01-28T21:45:00+07:00,CAD,CA,high,3,9:45pm,BOC Monetary Policy Report,CA BOC Monetary Policy Report,,,,,/calendar?day=jan28.2026#detail=146547,/calendar/414-ca-boc-monetary-policy-report
Wed Jan 28,146539,1769611500,2026-01-28T21:45:00+07:00,CAD,CA,high,3,9:45pm,BOC Rate Statement,CA BOC Rate Statement,,,,,/calendar?day=jan28.2026#detail=146539,/calendar/14-ca-boc-rate-statement
Wed Jan 28,146531,1769611500,2026-01-28T21:45:00+07:00,CAD,CA,high,3,9:45pm,Overnight Rate,CA Overnight Rate,2.25%,2.25%,2.25%,,/calendar?day=jan28.2026#detail=146531,/calendar/13-ca-overnight-rate
Wed Jan 28,151671,1769608800,2026-01-28T21:00:00+07:00,CNY,CH,low,1,9:00pm,CB Leading Index m/m,CH CB Leading Index m/m,-0.1%,,-0.3%,-0.2%,/calendar?day=jan28.2026#detail=151671,/calendar/495-ch-cb-leading-index-mm
Wed Jan 28,150439,1769596440,2026-01-28T17:34:00+07:00,EUR,GE,low,1,5:34pm,German 10-y Bond Auction,GE 10-y Bond Auction,2.85|1.7,,2.83|1.3,,/calendar?day=jan28.2026#detail=150439,/calendar/522-ge-10-y-bond-auction
Wed Jan 28,147372,1769590800,2026-01-28T16:00:00+07:00,CHF,SZ,low,1,4:00pm,UBS Economic Expectations,SZ UBS Economic Expectations,-4.7,,6.2,,/calendar?day=jan28.2026#detail=147372,/calendar/315-sz-ubs-economic-expectations
Wed Jan 28,150473,1769583600,2026-01-28T14:00:00+07:00,EUR,GE,low,1,2:00pm,German GfK Consumer Climate,GE GfK Consumer Climate,-24.1,-25.5,-26.9,,/calendar?day=jan28.2026#detail=150473,/calendar/335-ge-gfk-consumer-climate
Wed Jan 28,149109,1769560200,2026-01-28T07:30:00+07:00,AUD,AU,high,3,7:30am,Trimmed Mean CPI m/m,AU Trimmed Mean CPI m/m,0.2%,0.3%,0.3%,,/calendar?day=jan28.2026#detail=149109,/calendar/99-au-trimmed-mean-cpi-mm
Wed Jan 28,149106,1769560200,2026-01-28T07:30:00+07:00,AUD,AU,high,3,7:30am,CPI m/m,AU CPI m/m,1.0%,0.7%,0.0%,,/calendar?day=jan28.2026#detail=149106,/calendar/98-au-cpi-mm
Wed Jan 28,149092,1769560200,2026-01-28T07:30:00+07:00,AUD,AU,high,3,7:30am,CPI y/y,AU CPI y/y,3.8%,3.5%,3.4%,,/calendar?day=jan28.2026#detail=149092,/calendar/888-au-cpi-yy
Wed Jan 28,148687,1769557800,2026-01-28T06:50:00+07:00,JPY,JN,low,1,6:50am,Monetary Policy Meeting Minutes,JN Monetary Policy Meeting Minutes,,,,,/calendar?day=jan28.2026#detail=148687,/calendar/306-jn-monetary-policy-meeting-minutes
Wed Jan 28,147058,1769549400,2026-01-28T04:30:00+07:00,USD,US,low,1,4:30am,API Weekly Statistical Bulletin,US API Weekly Statistical Bulletin,,,,,/calendar?day=jan28.2026#detail=147058,/calendar/754-us-api-weekly-statistical-bulletin
Wed Jan 28,152093,1769547600,2026-01-28T04:00:00+07:00,USD,US,medium,2,4:00am,President Trump Speaks,US President Trump Speaks,,,,,/calendar?day=jan28.2026#detail=152093,/calendar/645-us-president-trump-speaks
Wed Jan 28,152097,1769533200,2026-01-28T00:00:00+07:00,EUR,GE,low,1,12:00am,German Buba President Nagel Speaks,GE Buba President Nagel Speaks,,,,,/calendar?day=jan28.2026#detail=152097,/calendar/851-ge-buba-president-nagel-speaks
Tue Jan 27,146967,1769526000,2026-01-27T22:00:00+07:00,USD,US,medium,2,10:00pm,Richmond Manufacturing Index,US Richmond Manufacturing Index,-6,-5,-7,,/calendar?day=jan27.2026#detail=146967,/calendar/186-us-richmond-manufacturing-index
Tue Jan 27,146878,1769526000,2026-01-27T22:00:00+07:00,USD,US,medium,2,10:00pm,CB Consumer Confidence,US CB Consumer Confidence,84.5,90.6,89.1,94.2,/calendar?day=jan27.2026#detail=146878,/calendar/208-us-cb-consumer-confidence
Tue Jan 27,148662,1769522400,2026-01-27T21:00:00+07:00,USD,US,low,1,9:00pm,HPI m/m,US HPI m/m,0.6%,0.3%,0.4%,,/calendar?day=jan27.2026#detail=148662,/calendar/239-us-hpi-mm
Tue Jan 27,148650,1769522400,2026-01-27T21:00:00+07:00,USD,US,low,1,9:00pm,S&P/CS Composite-20 HPI y/y,US S&P/CS Composite-20 HPI y/y,1.4%,1.2%,1.3%,,/calendar?day=jan27.2026#detail=148650,/calendar/240-us-spcs-composite-20-hpi-yy
Tue Jan 27,151021,1769519700,2026-01-27T20:15:00+07:00,USD,US,low,1,8:15pm,ADP Weekly Employment Change,US ADP Weekly Employment Change,7.8K,,8.0K,,/calendar?day=jan27.2026#detail=151021,/calendar/929-us-adp-weekly-employment-change
Tue Jan 27,147503,1769500800,2026-01-27T15:00:00+07:00,EUR,SP,low,1,3:00pm,Spanish Unemployment Rate,SP Unemployment Rate,9.9%,10.2%,10.5%,,/calendar?day=jan27.2026#detail=147503,/calendar/559-sp-unemployment-rate
Tue Jan 27,149898,1769490000,2026-01-27T12:00:00+07:00,JPY,JN,low,1,12:00pm,BOJ Core CPI y/y,JN BOJ Core CPI y/y,1.9%,2.0%,2.2%,,/calendar?day=jan27.2026#detail=149898,/calendar/631-jn-boj-core-cpi-yy
Tue Jan 27,148881,1769479200,2026-01-27T09:00:00+07:00,NZD,NZ,low,1,9:00am,Credit Card Spending y/y,NZ Credit Card Spending y/y,-0.3%,,4.7%,4.4%,/calendar?day=jan27.2026#detail=148881,/calendar/184-nz-credit-card-spending-yy
Tue Jan 27,147470,1769473800,2026-01-27T07:30:00+07:00,AUD,AU,low,1,7:30am,NAB Business Confidence,AU NAB Business Confidence,3,,1,2,/calendar?day=jan27.2026#detail=147470,/calendar/323-au-nab-business-confidence
Tue Jan 27,150833,1769472060,2026-01-27T07:01:00+07:00,GBP,UK,low,1,7:01am,BRC Shop Price Index y/y,UK BRC Shop Price Index y/y,1.5%,0.7%,0.7%,,/calendar?day=jan27.2026#detail=150833,/calendar/116-uk-brc-shop-price-index-yy
Tue Jan 27,149946,1769471400,2026-01-27T06:50:00+07:00,JPY,JN,low,1,6:50am,SPPI y/y,JN SPPI y/y,2.6%,2.7%,2.7%,,/calendar?day=jan27.2026#detail=149946,/calendar/176-jn-sppi-yy
Mon Jan 26,151386,1769434380,2026-01-26T20:33:00+07:00,EUR,BE,low,1,8:33pm,Belgian NBB Business Climate,BE NBB Business Climate,-8.8,-10.2,-11.9,,/calendar?day=jan26.2026#detail=151386,/calendar/317-be-nbb-business-climate
Mon Jan 26,152099,1769434200,2026-01-26T20:30:00+07:00,EUR,GE,low,1,8:30pm,German Buba President Nagel Speaks,GE Buba President Nagel Speaks,,,,,/calendar?day=jan26.2026#detail=152099,/calendar/851-ge-buba-president-nagel-speaks
Mon Jan 26,148178,1769434200,2026-01-26T20:30:00+07:00,USD,US,medium,2,8:30pm,Core Durable Goods Orders m/m,US Core Durable Goods Orders m/m,0.5%,0.3%,0.2%,0.1%,/calendar?day=jan26.2026#detail=148178,/calendar/350-us-core-durable-goods-orders-mm
Mon Jan 26,148166,1769434200,2026-01-26T20:30:00+07:00,USD,US,medium,2,8:30pm,Durable Goods Orders m/m,US Durable Goods Orders m/m,5.3%,3.1%,-2.2%,-2.1%,/calendar?day=jan26.2026#detail=148166,/calendar/349-us-durable-goods-orders-mm
Mon Jan 26,152096,1769425200,2026-01-26T18:00:00+07:00,EUR,GE,low,1,6:00pm,German Buba President Nagel Speaks,GE Buba President Nagel Speaks,,,,,/calendar?day=jan26.2026#detail=152096,/calendar/851-ge-buba-president-nagel-speaks
Mon Jan 26,150425,1769418000,2026-01-26T16:00:00+07:00,EUR,GE,medium,2,4:00pm,German ifo Business Climate,GE ifo Business Climate,87.6,88.3,87.6,,/calendar?day=jan26.2026#detail=150425,/calendar/316-ge-ifo-business-climate
Mon Jan 26,147113,1769374800,2026-01-26T04:00:00+07:00,AUD,AU,holiday,0,All Day,Bank Holiday,AU Bank Holiday,,,,,/calendar?day=jan26.2026#detail=147113,/calendar/394-au-bank-holiday
